Action class,weight
Standing tackling,0.04372171101950023
Tackling,0.12335768466216136
Challenge,0.1442930619546953
Holding,0.15308654495470442
Elbowing,0.31047327375645106
High leg,0.5365460459092067
Pushing,0.6280027582800943
Dont know,1.0627738986278519
Dive,1.9737229545945818
,5.024022066240755
